,time,prs_thr_up_sp,prs_tur_down,fup_mes,prs_bpa,prs_thr_up,prs_sp_bpa,prs_eg[0],soi_main1_chk_tu[1],soi_main1_chk_tu[4],soi_main1_chk_tu[3],prs_eg_mes[0],soi_main1_chk_tu[2],poil,prs_cmpr_up,soi_main1_chk_tu[5],map,prs_up_cmp_prot[0],prs_bpa_dif,pfu_mes,egbp_mes[0],pfu_l_mes,prs_cmpr_down,amp_mes,map_mes,soi_main1_tu,soi_main1,prs_thr_down,n,soi_main1_chk_tu[0],fup,soi_main1_bas
time,1.0,-0.08732717631311139,-0.08726802697857511,-0.024709503773481665,-0.08732717631311139,-0.0879688868485386,-0.08732717631311139,-0.21075491067360896,-0.0021995436025193907,-0.0019484704616928587,-0.002038471413139461,-0.21075491067360896,-0.002240221594247333,-0.03977119642975983,-0.09813547568211174,-0.0019298259533554487,-0.11319941901359047,-0.10897751399365085,0.1081974658697259,-0.06966310046641762,-0.22957250418260391,-0.19072898771990174,-0.10866588031216383,-0.10530831958272519,0.1908896364726448,-0.001951969398165139,0.032706817736810084,-0.10565352809736445,0.033002078011793314,-0.0020655109229122553,-0.003304206450573492,0.023340374088977076
prs_thr_up_sp,-0.08732717631311139,1.0,0.997017433352021,-0.004702960093331578,1.0,0.9955290525262352,1.0,0.008689832700967712,-0.011732602398043843,-0.011752946405893545,-0.011731869800933315,0.008689832700967712,-0.011697339218403956,0.010295689596754243,0.8751975783385076,-0.01179100303101657,0.7681538584616976,0.800533483547368,-0.7992447592873575,0.009811670801116461,0.012139425437921422,0.028514426439842658,0.8008703538960333,0.8683761432553311,-0.03296281177608316,-0.01178220120534227,-0.02358771069502844,0.8244399359319288,-0.00888438836949484,-0.011744287327266721,0.02647397325813406,-0.009850710529503016
prs_tur_down,-0.08726802697857511,0.997017433352021,1.0,-0.003949604877017817,0.9970174333520232,0.9985089218685528,0.9970174333520232,0.009195640236656553,-0.011386153977279146,-0.011403578813052926,-0.011384733393212809,0.009195640236656553,-0.011351878296655361,0.011360256454427517,0.8772767973541782,-0.011441708879125805,0.767716677286852,0.798903579336524,-0.7976184375789575,0.01047154277317015,0.012464648876490294,0.028160826295810768,0.7992375791382254,0.8667943808023928,-0.03254838418414473,-0.0114328522691697,-0.022362293722112018,0.8219496239998522,-0.007981934455826439,-0.01139589297523226,0.026676211897990545,-0.009296051184556535
fup_mes,-0.024709503773481665,-0.004702960093331578,-0.003949604877017817,1.0,-0.004702960093331378,-0.0040765115729757325,-0.004702960093331378,-0.06410768934181063,-0.06264153004443937,-0.06248233811463899,-0.06262341868713169,-0.06410768934181063,-0.06262008930036499,0.003797856605187996,0.0034459193957786017,-0.06240853466973265,-9.795878549992824e-05,-0.00437035948795342,0.004170235010581155,0.50847394738669,-0.043906388131070936,-0.01541909887926542,-0.004090283603444844,-0.002599558502011561,-0.0623044025636283,-0.06252681475293416,0.004233090969389552,-0.009010565225912023,-0.006019573487762539,-0.06274302194758327,0.005732487812668601,-0.07214859248984433
prs_bpa,-0.08732717631311139,1.0,0.9970174333520232,-0.004702960093331378,1.0,0.9955290525262352,1.0,0.008689832700967712,-0.011732602398043843,-0.011752946405893545,-0.011731869800933315,0.008689832700967712,-0.011697339218403956,0.010295689596754243,0.8751975783385076,-0.01179100303101657,0.7681538584616976,0.800533483547368,-0.7992447592873575,0.009811670801116461,0.012139425437921422,0.028514426439842658,0.8008703538960333,0.8683761432553311,-0.03296281177608316,-0.01178220120534227,-0.02358771069502844,0.8244399359319288,-0.00888438836949484,-0.011744287327266721,0.02647397325813406,-0.009850710529503016
prs_thr_up,-0.0879688868485386,0.9955290525262352,0.9985089218685528,-0.0040765115729757325,0.9955290525262352,1.0,0.9955290525262342,0.008822168654557478,-0.012070398291657958,-0.012088162339858894,-0.01207006501665733,0.008822168654557478,-0.012036511304916505,0.011262410747476291,0.8786350288559709,-0.012126404732297409,0.7681442666721329,0.7986468033366974,-0.7973623451431768,0.009955445748922577,0.012253008097918737,0.02849840286866433,0.7989812706309718,0.866486378575394,-0.03338660177826217,-0.012117585602057427,-0.022163710919737966,0.8211664275916373,-0.007774753922867368,-0.01208124469137632,0.02687249652319637,-0.008868302410835275
prs_sp_bpa,-0.08732717631311139,1.0,0.9970174333520232,-0.004702960093331378,1.0,0.9955290525262342,1.0,0.008689832700967712,-0.011732602398043843,-0.011752946405893545,-0.011731869800933315,0.008689832700967712,-0.011697339218403956,0.010295689596754243,0.8751975783385076,-0.01179100303101657,0.7681538584616976,0.800533483547368,-0.7992447592873575,0.009811670801116461,0.012139425437921422,0.028514426439842658,0.8008703538960333,0.8683761432553311,-0.03296281177608316,-0.01178220120534227,-0.02358771069502844,0.8244399359319288,-0.00888438836949484,-0.011744287327266721,0.02647397325813406,-0.009850710529503016
prs_eg[0],-0.21075491067360896,0.008689832700967712,0.009195640236656553,-0.06410768934181063,0.008689832700967712,0.008822168654557478,0.008689832700967712,1.0,0.9179556235169654,0.9174271547318229,0.9176148566839438,1.0,0.9176603153663369,0.007455723219176034,0.0012863902031014902,0.9176259655602185,0.004731792775020503,0.006960173099747164,-0.007696101925361623,-0.11467974044271313,0.8986614459189357,0.1325503653200158,0.006419269762276599,0.00120812954066306,0.8626905254533072,0.9175876209609671,0.03762627988609285,0.0033107161673914974,0.029728427266062184,0.918084155167405,0.013463722667429456,0.1924506451619279
soi_main1_chk_tu[1],-0.0021995436025193907,-0.011732602398043843,-0.011386153977279146,-0.06264153004443937,-0.011732602398043843,-0.012070398291657958,-0.011732602398043843,0.9179556235169654,1.0,0.9998900517977767,0.9998724217054281,0.9179556235169661,0.9999978117149771,-0.0004980338713440294,-0.019310610518322537,0.9998915991772153,-0.022085472391302277,-0.01757227488308157,0.01678868750394596,-0.12725265286563142,0.9087302253546456,0.10232398792917356,-0.017947973023374465,-0.021986252660320112,0.9597033142189944,0.9999039206293833,0.00038149890878209176,-0.01912607861150351,0.004018032501260511,0.9999253574433863,0.001226604524270199,0.0215631658785885
soi_main1_chk_tu[4],-0.0019484704616928587,-0.011752946405893545,-0.011403578813052926,-0.06248233811463899,-0.011752946405893545,-0.012088162339858894,-0.011752946405893545,0.9174271547318229,0.9998900517977767,1.0,0.9999767482647818,0.9174271547318231,0.9998925513075021,-0.00038784540511987574,-0.01930874249556016,0.9999979687745965,-0.02210840748662244,-0.017588989392473883,0.01680582595365754,-0.12741064541391361,0.9093684166534871,0.10257543615440506,-0.017963902510826295,-0.02200820981379152,0.9599082055240343,0.9999200014190468,0.0002340143621282316,-0.01913215568902933,0.00394786698425058,0.9999358891731431,0.001207174388446058,0.01908673707785501
soi_main1_chk_tu[3],-0.002038471413139461,-0.011731869800933315,-0.011384733393212809,-0.06262341868713169,-0.011731869800933315,-0.01207006501665733,-0.011731869800933315,0.9176148566839438,0.9998724217054281,0.9999767482647818,1.0,0.9176148566839439,0.9998741281767448,-0.00038355029663466255,-0.019297978778149934,0.9999763167489305,-0.022082368888072777,-0.017561033953166785,0.016777362553748225,-0.1271322881001556,0.9091960770774379,0.1025246852163787,-0.017936416232898482,-0.021979968799309264,0.9599292632290662,0.999891319292586,3.105419459538058e-05,-0.019110579577634453,0.0037805431679294008,0.9999419258301738,0.0011749057224938054,0.01958393545930667
prs_eg_mes[0],-0.21075491067360896,0.008689832700967712,0.009195640236656553,-0.06410768934181063,0.008689832700967712,0.008822168654557478,0.008689832700967712,1.0,0.9179556235169661,0.9174271547318231,0.9176148566839439,1.0,0.9176603153663369,0.007455723219176034,0.0012863902031014902,0.9176259655602185,0.004731792775020503,0.006960173099747164,-0.007696101925361623,-0.11467974044271313,0.8986614459189357,0.1325503653200158,0.006419269762276599,0.00120812954066306,0.8626905254533072,0.9175876209609671,0.03762627988609285,0.0033107161673914974,0.029728427266062184,0.918084155167405,0.013463722667429456,0.1924506451619279
soi_main1_chk_tu[2],-0.002240221594247333,-0.011697339218403956,-0.011351878296655361,-0.06262008930036499,-0.011697339218403956,-0.012036511304916505,-0.011697339218403956,0.9176603153663369,0.9999978117149771,0.9998925513075021,0.9998741281767448,0.9176603153663369,1.0,-0.00047910197180982007,-0.01926893947792834,0.9998928173931851,-0.02205517122405656,-0.017535443741530495,0.01675174213043911,-0.12705793065461252,0.9089523915943551,0.10233055461422776,-0.01791047816152988,-0.02194578970226725,0.9596992508120326,0.999904869475066,0.00013660516561159178,-0.019090364467215907,0.003935245413072357,0.9999233237572068,0.0012154709512035959,0.02004675145357542
poil,-0.03977119642975983,0.010295689596754243,0.011360256454427517,0.003797856605187996,0.010295689596754243,0.011262410747476291,0.010295689596754243,0.007455723219176034,-0.0004980338713440294,-0.00038784540511987574,-0.00038355029663466255,0.007455723219176034,-0.00047910197180982007,1.0,0.009609279563527362,-0.0003824645082277114,0.015169352027648473,0.014086508488376129,-0.013008833819723743,-0.006571802768045314,0.013031247993671204,0.0011618652807502178,0.014063237981710686,0.007320167993032181,-0.00700654631895807,-0.00046521570900843876,-0.021467179249090668,0.0031005323737288864,-0.00017739849175064557,-0.0005014842605126659,0.005433693528564645,-0.015820834269347793
prs_cmpr_up,-0.09813547568211174,0.8751975783385076,0.8772767973541782,0.0034459193957786017,0.8751975783385076,0.8786350288559709,0.8751975783385076,0.0012863902031014902,-0.019310610518322537,-0.01930874249556016,-0.019297978778149934,0.0012863902031014902,-0.01926893947792834,0.009609279563527362,1.0,-0.019350057491088018,0.7990436059842083,0.7950061106005837,-0.7944009132104446,0.013896918684882532,0.008601693660477196,0.03129116188753688,0.7951166673058621,0.8330058866549862,-0.04412358420968473,-0.019346024485197767,-0.023159379332865146,0.7951403836156227,-0.009498073740581876,-0.01930285435082132,0.028060026219155716,-0.016253591652765482
soi_main1_chk_tu[5],-0.0019298259533554487,-0.01179100303101657,-0.011441708879125805,-0.06240853466973265,-0.01179100303101657,-0.012126404732297409,-0.01179100303101657,0.9176259655602185,0.9998915991772153,0.9999979687745965,0.9999763167489305,0.9176259655602185,0.9998928173931851,-0.0003824645082277114,-0.019350057491088018,1.0,-0.022140726285523833,-0.017621927075464467,0.01683762174177891,-0.12746773485933469,0.9091544485376356,0.10257094962611474,-0.017997474279628563,-0.022050021478256014,0.9599123470650378,0.9999204386463618,0.0004102947409264511,-0.019171634538511388,0.003970406123945861,0.9999389629627907,0.0011907938806847245,0.020018280059842436
map,-0.11319941901359047,0.7681538584616976,0.767716677286852,-9.795878549992824e-05,0.7681538584616976,0.7681442666721329,0.7681538584616976,0.004731792775020503,-0.022085472391302277,-0.02210840748662244,-0.022082368888072777,0.004731792775020503,-0.02205517122405656,0.015169352027648473,0.7990436059842083,-0.022140726285523833,1.0,0.9387915438652047,-0.9357049329401168,0.01444596710029202,0.011308780737163359,0.028059046356919397,0.9394978797071434,0.8860957131381167,-0.04917931707396149,-0.0221454542748732,-0.0258044601558332,0.7662774643133068,-0.016643503733341426,-0.022094015615631797,0.021313272046449564,-0.016914203043333662
prs_up_cmp_prot[0],-0.10897751399365085,0.800533483547368,0.798903579336524,-0.00437035948795342,0.800533483547368,0.7986468033366974,0.800533483547368,0.006960173099747164,-0.01757227488308157,-0.017588989392473883,-0.017561033953166785,0.006960173099747164,-0.017535443741530495,0.014086508488376129,0.7950061106005837,-0.017621927075464467,0.9387915438652047,1.0,-0.997331353080498,0.0138265087872892,0.014177740288007301,0.02730088678159699,0.9993300904475839,0.8648753075322348,-0.04448846145464169,-0.017621691534673346,-0.02509865229153359,0.8861989106811529,-0.013280733120737798,-0.017578237310069522,0.02216954731870331,-0.01832408400352398
prs_bpa_dif,0.1081974658697259,-0.7992447592873575,-0.7976184375789575,0.004170235010581155,-0.7992447592873575,-0.7973623451431768,-0.7992447592873575,-0.007696101925361623,0.01678868750394596,0.01680582595365754,0.016777362553748225,-0.007696101925361623,0.01675174213043911,-0.013008833819723743,-0.7944009132104446,0.01683762174177891,-0.9357049329401168,-0.997331353080498,1.0,-0.013854033052695017,-0.014904073022699839,-0.026115130167440152,-0.9966617863281609,-0.8627728987745902,0.04340332036665379,0.01683753121444084,0.0246882938577168,-0.8871301264411617,0.012817961933332648,0.016793922879397835,-0.021560772116028328,0.017971664106461994
pfu_mes,-0.06966310046641762,0.009811670801116461,0.01047154277317015,0.50847394738669,0.009811670801116461,0.009955445748922577,0.009811670801116461,-0.11467974044271313,-0.12725265286563142,-0.12741064541391361,-0.1271322881001556,-0.11467974044271313,-0.12705793065461252,-0.006571802768045314,0.013896918684882532,-0.12746773485933469,0.01444596710029202,0.0138265087872892,-0.013854033052695017,1.0,-0.09262108886869948,-0.010824188441985782,0.013904359440278317,0.018324642425862046,-0.13190816255621202,-0.12732409187540525,-0.035474894827478703,0.010845592447072623,-0.011213154481923556,-0.12762199162709154,0.0032045495070706135,-0.1369214982471266
egbp_mes[0],-0.22957250418260391,0.012139425437921422,0.012464648876490294,-0.043906388131070936,0.012139425437921422,0.012253008097918737,0.012139425437921422,0.8986614459189357,0.9087302253546456,0.9093684166534871,0.9091960770774379,0.8986614459189357,0.9089523915943551,0.013031247993671204,0.008601693660477196,0.9091544485376356,0.011308780737163359,0.014177740288007301,-0.014904073022699839,-0.09262108886869948,1.0,0.13581037723793768,0.013789576839174457,0.008957940524508235,0.8564387916105655,0.9089636217121413,-0.006522868784017979,0.01232594082896364,0.021634074666760678,0.9088895766669125,0.006782565107596572,-0.09517946983033265
pfu_l_mes,-0.19072898771990174,0.028514426439842658,0.028160826295810768,-0.01541909887926542,0.028514426439842658,0.02849840286866433,0.028514426439842658,0.1325503653200158,0.10232398792917356,0.10257543615440506,0.1025246852163787,0.1325503653200158,0.10233055461422776,0.0011618652807502178,0.03129116188753688,0.10257094962611474,0.028059046356919397,0.02730088678159699,-0.026115130167440152,-0.010824188441985782,0.13581037723793768,1.0,0.02675923097219317,0.0293845052310741,0.0670565890610615,0.10250616250399344,0.04910010963955332,0.03732692993548868,0.07752586567351828,0.10241973757515142,-0.06384567672487092,-0.003065671802691474
prs_cmpr_down,-0.10866588031216383,0.8008703538960333,0.7992375791382254,-0.004090283603444844,0.8008703538960333,0.7989812706309718,0.8008703538960333,0.006419269762276599,-0.017947973023374465,-0.017963902510826295,-0.017936416232898482,0.006419269762276599,-0.01791047816152988,0.014063237981710686,0.7951166673058621,-0.017997474279628563,0.9394978797071434,0.9993300904475839,-0.9966617863281609,0.013904359440278317,0.013789576839174457,0.02675923097219317,1.0,0.8653721040944528,-0.04480055524095961,-0.01799716260687434,-0.025028379827483245,0.8859842366106189,-0.013066474202129514,-0.01795409862085149,0.02205229694624941,-0.018595738356960927
amp_mes,-0.10530831958272519,0.8683761432553311,0.8667943808023928,-0.002599558502011561,0.8683761432553311,0.866486378575394,0.8683761432553311,0.00120812954066306,-0.021986252660320112,-0.02200820981379152,-0.021979968799309264,0.00120812954066306,-0.02194578970226725,0.007320167993032181,0.8330058866549862,-0.022050021478256014,0.8860957131381167,0.8648753075322348,-0.8627728987745902,0.018324642425862046,0.008957940524508235,0.0293845052310741,0.8653721040944528,1.0,-0.04743252221504664,-0.022036582775366326,-0.021643308059296873,0.8050721870777771,-0.008121834614275802,-0.022009465015311636,0.024963903555666384,-0.016602511479942725
map_mes,0.1908896364726448,-0.03296281177608316,-0.03254838418414473,-0.0623044025636283,-0.03296281177608316,-0.03338660177826217,-0.03296281177608316,0.8626905254533072,0.9597033142189944,0.9599082055240343,0.9599292632290662,0.8626905254533072,0.9596992508120326,-0.00700654631895807,-0.04412358420968473,0.9599123470650378,-0.04917931707396149,-0.04448846145464169,0.04340332036665379,-0.13190816255621202,0.8564387916105655,0.0670565890610615,-0.04480055524095961,-0.04743252221504664,1.0,0.9597372782484084,0.006576729421898049,-0.04481887290933776,0.010098015828278082,0.9599428706770713,-0.009094322005158988,0.023685777366749948
soi_main1_tu,-0.001951969398165139,-0.01178220120534227,-0.0114328522691697,-0.06252681475293416,-0.01178220120534227,-0.012117585602057427,-0.01178220120534227,0.9175876209609671,0.9999039206293833,0.9999200014190468,0.999891319292586,0.9175876209609671,0.999904869475066,-0.00046521570900843876,-0.019346024485197767,0.9999204386463618,-0.0221454542748732,-0.017621691534673346,0.01683753121444084,-0.12732409187540525,0.9089636217121413,0.10250616250399344,-0.01799716260687434,-0.022036582775366326,0.9597372782484084,1.0,0.0021249402797417524,-0.01916733013492708,0.005544438706123497,0.9998808377803511,0.0011607786271676237,0.020067613591337196
soi_main1,0.032706817736810084,-0.02358771069502844,-0.022362293722112018,0.004233090969389552,-0.02358771069502844,-0.022163710919737966,-0.02358771069502844,0.03762627988609285,0.00038149890878209176,0.0002340143621282316,3.105419459538058e-05,0.03762627988609285,0.00013660516561159178,-0.021467179249090668,-0.023159379332865146,0.0004102947409264511,-0.0258044601558332,-0.02509865229153359,0.0246882938577168,-0.035474894827478703,-0.006522868784017979,0.04910010963955332,-0.025028379827483245,-0.021643308059296873,0.006576729421898049,0.0021249402797417524,1.0,-0.024464575837230648,0.8091033349550271,0.0005244347813449489,-0.061641846179909754,0.2560741866710084
prs_thr_down,-0.10565352809736445,0.8244399359319288,0.8219496239998522,-0.009010565225912023,0.8244399359319288,0.8211664275916373,0.8244399359319288,0.0033107161673914974,-0.01912607861150351,-0.01913215568902933,-0.019110579577634453,0.0033107161673914974,-0.019090364467215907,0.0031005323737288864,0.7951403836156227,-0.019171634538511388,0.7662774643133068,0.8861989106811529,-0.8871301264411617,0.010845592447072623,0.01232594082896364,0.03732692993548868,0.8859842366106189,0.8050721870777771,-0.04481887290933776,-0.01916733013492708,-0.024464575837230648,1.0,-0.007062143615276009,-0.019132030394673236,0.02637299702772292,-0.01795466662656704
n,0.033002078011793314,-0.00888438836949484,-0.007981934455826439,-0.006019573487762539,-0.00888438836949484,-0.007774753922867368,-0.00888438836949484,0.029728427266062184,0.004018032501260511,0.00394786698425058,0.0037805431679294008,0.029728427266062184,0.003935245413072357,-0.00017739849175064557,-0.009498073740581876,0.003970406123945861,-0.016643503733341426,-0.013280733120737798,0.012817961933332648,-0.011213154481923556,0.021634074666760678,0.07752586567351828,-0.013066474202129514,-0.008121834614275802,0.010098015828278082,0.005544438706123497,0.8091033349550271,-0.007062143615276009,1.0,0.0039028762696870565,-0.08560235038306986,0.15361874267700848
soi_main1_chk_tu[0],-0.0020655109229122553,-0.011744287327266721,-0.01139589297523226,-0.06274302194758327,-0.011744287327266721,-0.01208124469137632,-0.011744287327266721,0.918084155167405,0.9999253574433863,0.9999358891731431,0.9999419258301738,0.918084155167405,0.9999233237572068,-0.0005014842605126659,-0.01930285435082132,0.9999389629627907,-0.022094015615631797,-0.017578237310069522,0.016793922879397835,-0.12762199162709154,0.9088895766669125,0.10241973757515142,-0.01795409862085149,-0.022009465015311636,0.9599428706770713,0.9998808377803511,0.0005244347813449489,-0.019132030394673236,0.0039028762696870565,1.0,0.0012262825367988705,0.022014045363008532
fup,-0.003304206450573492,0.02647397325813406,0.026676211897990545,0.005732487812668601,0.02647397325813406,0.02687249652319637,0.02647397325813406,0.013463722667429456,0.001226604524270199,0.001207174388446058,0.0011749057224938054,0.013463722667429456,0.0012154709512035959,0.005433693528564645,0.028060026219155716,0.0011907938806847245,0.021313272046449564,0.02216954731870331,-0.021560772116028328,0.0032045495070706135,0.006782565107596572,-0.06384567672487092,0.02205229694624941,0.024963903555666384,-0.009094322005158988,0.0011607786271676237,-0.061641846179909754,0.02637299702772292,-0.08560235038306986,0.0012262825367988705,1.0,0.019120415977496814
soi_main1_bas,0.023340374088977076,-0.009850710529503016,-0.009296051184556535,-0.07214859248984433,-0.009850710529503016,-0.008868302410835275,-0.009850710529503016,0.1924506451619279,0.0215631658785885,0.01908673707785501,0.01958393545930667,0.1924506451619279,0.02004675145357542,-0.015820834269347793,-0.016253591652765482,0.020018280059842436,-0.016914203043333662,-0.01832408400352398,0.017971664106461994,-0.1369214982471266,-0.09517946983033265,-0.003065671802691474,-0.018595738356960927,-0.016602511479942725,0.023685777366749948,0.020067613591337196,0.2560741866710084,-0.01795466662656704,0.15361874267700848,0.022014045363008532,0.019120415977496814,1.0
